"","Longitude","Latitude","Field","Dataset","Product","ObjId","Heading","Distance","Elevation","Desc","Swath","Moisture","YldMassDry","YldVolWet","YldVolDry","Yield","DateTime","Seconds","Easting","Northing","Rank","Quantile","Percent","Pass","Pair","PassNo"
"3284",-96.88275561,43.45220016,"East Quarter","East Quarter Corn 2015","B","3248",90.13,4.029,1473,"10/12/2015 2:07:41 PM",20,17.54,25.85,25.71,249.56,249.56,NA,NA,0.667581177736423,141.47575116525,37413.5,0.968935332659985,134.092740852184,"24","12",24
"3285",-96.88274057,43.45220014,"East Quarter","East Quarter Corn 2015","B","3249",89.5,3.996,1473.1,"10/12/2015 2:07:42 PM",20,17.54,25.01,24.87,243.41,243.41,NA,NA,2.10810067800494,141.473533955612,36858,0.954548986092767,130.788243511902,"24","12",24
"3286",-96.88272556,43.45220003,"East Quarter","East Quarter Corn 2015","B","3250",90.45,3.996,1473.1,"10/12/2015 2:07:43 PM",20,17.41,24.52,24.34,238.61,238.61,NA,NA,3.54574680069393,141.461339299056,36200,0.937508093129257,128.209123636559,"24","12",24
"3287",-96.88271098,43.45219999,"East Quarter","East Quarter Corn 2015","B","3251",90.35,3.898,1473,"10/12/2015 2:07:44 PM",20,17.54,24.61,24.47,245.57,245.57,NA,NA,4.94220785790043,141.456904878203,37086.5,0.960466682205475,131.948847455806,"24","12",24
"3288",-96.88269592,43.4521998,"East Quarter","East Quarter Corn 2015","B","3252",90.18,3.996,1473,"10/12/2015 2:07:45 PM",20,17.54,23.86,23.72,232.19,232.19,NA,NA,6.38464294140715,141.435841381518,35135,0.909926708621449,124.759550803288,"24","12",24
"3289",-96.88268085,43.4521999,"East Quarter","East Quarter Corn 2015","B","3253",89.79,3.996,1473,"10/12/2015 2:07:46 PM",20,17.54,21.82,21.69,212.34,212.34,NA,NA,7.82803581789409,141.446927432073,29593,0.766399917126356,114.093815485466,"24","12",24
"3290",-96.88266565,43.45219977,"East Quarter","East Quarter Corn 2015","B","3254",89.89,4.029,1473,"10/12/2015 2:07:47 PM",20,17.54,24.04,23.9,232.01,232.01,NA,NA,9.28387999223492,141.432515565879,35086.5,0.908670654960764,124.662833807963,"24","12",24
"3291",-96.88265071,43.45219983,"East Quarter","East Quarter Corn 2015","B","3255",89.82,3.964,1473,"10/12/2015 2:07:48 PM",20,17.54,24.99,24.85,245.21,245.21,NA,NA,10.714821570868,141.43916719637,37045,0.959391914640147,131.755413465155,"24","12",24
"3292",-96.88263557,43.45219983,"East Quarter","East Quarter Corn 2015","B","3256",89.75,4.029,1473,"10/12/2015 2:07:49 PM",20,17.54,25.01,24.87,241.43,241.43,NA,NA,12.1649189914108,141.43916719637,36621,0.948411156864268,129.724356563323,"24","12",24
"3293",-96.88262065,43.45219991,"East Quarter","East Quarter Corn 2015","B","3257",89.14,3.964,1472.9,"10/12/2015 2:07:50 PM",20,17.54,23.53,23.39,230.85,230.85,NA,NA,13.5939449840835,141.448036037286,34860.5,0.902817703882112,124.039546504755,"24","12",24
"3294",-96.88260557,43.45219968,"East Quarter","East Quarter Corn 2015","B","3258",90.46,3.996,1472.9,"10/12/2015 2:07:51 PM",20,17.54,21,20.88,204.35,204.35,NA,NA,15.0382956535506,141.422538119749,26571,0.688136119959599,109.800655526302,"24","12",24
"3295",-96.88259053,43.45219974,"East Quarter","East Quarter Corn 2015","B","3259",90.64,3.996,1472.8,"10/12/2015 2:07:52 PM",20,17.54,24.17,24.03,235.21,235.21,NA,NA,16.4788151524581,141.42918975024,35666.5,0.92369150286173,126.382247058191,"24","12",24
"3296",-96.88257561,43.45219957,"East Quarter","East Quarter Corn 2015","B","3260",90.54,3.964,1472.9,"10/12/2015 2:07:53 PM",20,17.54,21.51,21.38,211.05,211.05,NA,NA,17.9078411451307,141.410343463193,29103,0.753709890451402,113.400677018967,"24","12",24
"3297",-96.88256062,43.45219955,"East Quarter","East Quarter Corn 2015","B","3261",90.19,3.996,1472.9,"10/12/2015 2:07:54 PM",20,17.54,17.54,17.44,170.69,170.69,NA,NA,19.3435716832203,141.408126253554,13646.5,0.35341724289747,91.7145774004621,"24","12",24
"3298",-96.88254587,43.4521995,"East Quarter","East Quarter Corn 2015","B","3262",90.06,3.931,1473,"10/12/2015 2:07:55 PM",20,17.54,17.54,17.44,173.54,173.54,NA,NA,20.7563152088405,141.402583227489,14615.5,0.378512418097532,93.2459298264467,"24","12",24
"3299",-96.88253055,43.45219959,"East Quarter","East Quarter Corn 2015","B","3263",90.15,4.062,1472.9,"10/12/2015 2:07:56 PM",20,17.54,19.98,19.86,191.28,191.28,NA,NA,22.2236528907772,141.412560673619,21347,0.552844896796416,102.7779270324,"24","12",24
"3300",-96.88251544,43.45219932,"East Quarter","East Quarter Corn 2015","B","3264",90.2,4.029,1473,"10/12/2015 2:07:57 PM",20,17.54,21.44,21.32,206.97,206.97,NA,NA,23.6708769351017,141.382628335229,27634,0.715665708440163,111.208425124926,"24","12",24
"3301",-96.88250048,43.45219961,"East Quarter","East Quarter Corn 2015","B","3265",90.27,3.996,1472.9,"10/12/2015 2:07:58 PM",20,17.85,21.12,21.08,205.52,205.52,NA,NA,25.1037340969729,141.414777884045,27080,0.701318208893378,110.429315995916,"24","12",24
"3302",-96.88248576,43.45219921,"East Quarter","East Quarter Corn 2015","B","3266",90.71,3.931,1473.1,"10/12/2015 2:07:59 PM",20,17.54,20.29,20.17,200.74,200.74,NA,NA,26.5136042463746,141.370433679461,25196,0.652526351228861,107.860942453388,"24","12",24
"3303",-96.88247068,43.45219889,"East Quarter","East Quarter Corn 2015","B","3267",90.53,4.029,1473.2,"10/12/2015 2:08:00 PM",20,17.54,20,19.89,193.06,193.06,NA,NA,27.9579549144806,141.334958315006,22087.5,0.57202237588377,103.73435065284,"24","12",24
"3304",-96.88245588,43.45219948,"East Quarter","East Quarter Corn 2015","B","3268",90.29,3.964,1472.9,"10/12/2015 2:08:01 PM",20,17.1,21.47,21.23,210.64,210.64,NA,NA,29.3754874009185,141.400366017063,28947,0.749669800326315,113.180377196282,"24","12",24
"3305",-96.88244089,43.4521993,"East Quarter","East Quarter Corn 2015","B","3269",90.25,3.996,1473,"10/12/2015 2:08:02 PM",20,17.54,21.37,21.25,208.02,208.02,NA,NA,30.8112179390082,141.380411124803,27999.5,0.725131432419133,111.772607597657,"24","12",24
"3306",-96.88242589,43.45219892,"East Quarter","East Quarter Corn 2015","B","3270",91.16,3.996,1473,"10/12/2015 2:08:03 PM",20,17.51,21.09,20.97,205.29,205.29,NA,NA,32.2479062700781,141.338284130645,26984,0.698831999585632,110.305733168556,"24","12",24
"3307",-96.88241094,43.45219908,"East Quarter","East Quarter Corn 2015","B","3271",90.35,3.964,1473.1,"10/12/2015 2:08:04 PM",20,17.54,21.35,21.23,209.52,209.52,NA,NA,33.6798056389691,141.356021812479,28524.5,0.73872788957087,112.578582558702,"24","12",24
"3308",-96.88239588,43.45219859,"East Quarter","East Quarter Corn 2015","B","3272",90.49,3.996,1473.1,"10/12/2015 2:08:05 PM",20,17.54,22.15,22.02,215.57,215.57,NA,NA,35.1222407224759,141.301700161764,30622,0.79304897314376,115.829348234915,"24","12",24
"3309",-96.88238103,43.45219832,"East Quarter","East Quarter Corn 2015","B","3273",90.85,3.964,1473.1,"10/12/2015 2:08:06 PM",20,17.54,19.98,19.86,196.03,196.03,NA,NA,36.5445621697314,141.271767823374,23311,0.603708595550721,105.330181075708,"24","12",24
"3310",-96.88236597,43.45219837,"East Quarter","East Quarter Corn 2015","B","3274",90.97,3.996,1473,"10/12/2015 2:08:07 PM",20,17.54,23.64,23.5,230.03,230.03,NA,NA,37.9869972545993,141.277310848652,34666.5,0.897793489239375,123.598946859384,"24","12",24
"3311",-96.8823511,43.45219829,"East Quarter","East Quarter Corn 2015","B","3275",91.15,3.964,1472.9,"10/12/2015 2:08:08 PM",20,17.54,23.37,23.24,229.32,229.32,NA,NA,39.4112342864541,141.268442007735,34489.5,0.893209540828218,123.21745204449,"24","12",24
"3312",-96.88233622,43.45219805,"East Quarter","East Quarter Corn 2015","B","3276",91.07,3.964,1472.9,"10/12/2015 2:08:09 PM",20,17.54,22.28,22.16,218.66,218.66,NA,NA,40.8364291099282,141.241835484985,31621.5,0.818934037759304,117.489656654667,"24","12",24
"3313",-96.88232131,43.4521982,"East Quarter","East Quarter Corn 2015","B","3277",90.63,3.996,1473.1,"10/12/2015 2:08:10 PM",20,17.62,21.53,21.43,209.54,209.54,NA,NA,42.2644973109817,141.258464561605,28534,0.738973920700282,112.589328891516,"24","12",24
"3314",-96.88230619,43.45219819,"East Quarter","East Quarter Corn 2015","B","3278",90.69,4.029,1473,"10/12/2015 2:08:11 PM",20,17.54,20.35,20.24,196.48,196.48,NA,NA,43.7126791482864,141.257355956392,23497,0.608525626084479,105.571973564021,"24","12",24
"3315",-96.88229132,43.45219797,"East Quarter","East Quarter Corn 2015","B","3279",90.78,3.964,1473.1,"10/12/2015 2:08:12 PM",20,17.54,25.14,25,246.73,246.73,NA,NA,45.1369161801413,141.232966644068,37182.5,0.962952891513221,132.572134759013,"24","12",24
"3316",-96.88227641,43.45219826,"East Quarter","East Quarter Corn 2015","B","3280",90.44,3.964,1473.1,"10/12/2015 2:08:13 PM",20,17.54,22.37,22.24,219.53,219.53,NA,NA,46.5649843798337,141.265116192884,31908.5,0.82636676766892,117.957122132072,"24","12",24
"3317",-96.8822617,43.45219786,"East Quarter","East Quarter Corn 2015","B","3281",90.4,3.931,1473.1,"10/12/2015 2:08:14 PM",20,17.54,21.84,21.72,216.1,216.1,NA,NA,47.9738967362552,141.220771987512,30792,0.79745163545956,116.114126054484,"24","12",24
"3318",-96.88224697,43.45219764,"East Quarter","East Quarter Corn 2015","B","3282",90.77,3.964,1473.2,"10/12/2015 2:08:15 PM",20,17.54,22.75,22.62,223.23,223.23,NA,NA,49.384724677276,141.196382675187,32937.5,0.853015823686323,119.945193702649,"24","12",24
"3319",-96.88223224,43.4521978,"East Quarter","East Quarter Corn 2015","B","3283",90.61,3.931,1473.2,"10/12/2015 2:08:16 PM",20,17.54,21.73,21.61,215,215,NA,NA,50.7955526182968,141.214120357021,30442,0.788387330691736,115.523077749718,"24","12",24
"3320",-96.88221771,43.45219753,"East Quarter","East Quarter Corn 2015","B","3284",90.64,3.865,1473.2,"10/12/2015 2:08:17 PM",20,17.54,19.14,19.03,192.55,192.55,NA,NA,52.1872247133244,141.184188018631,21883,0.566726232097998,103.460319166085,"24","12",24
"3321",-96.88220273,43.45219764,"East Quarter","East Quarter Corn 2015","B","3285",90.69,3.964,1473.1,"10/12/2015 2:08:18 PM",20,17.54,22.55,22.42,221.27,221.27,NA,NA,53.621997459795,141.196382675187,32393,0.838914355268951,118.892053086884,"24","12",24
"3322",-96.88218776,43.45219748,"East Quarter","East Quarter Corn 2015","B","3286",90.61,3.964,1473.2,"10/12/2015 2:08:19 PM",20,17.54,21.71,21.58,213,213,NA,NA,55.0558124146465,141.178644993353,29795,0.771631315878072,114.448444468325,"24","12",24
"3323",-96.88217276,43.45219757,"East Quarter","East Quarter Corn 2015","B","3287",90.66,3.996,1473,"10/12/2015 2:08:20 PM",20,17.38,21.31,21.14,207.34,207.34,NA,NA,56.4925007443553,141.188622439483,27759.5,0.718915909149768,111.407232281984,"24","12",24
"3324",-96.88215813,43.45219779,"East Quarter","East Quarter Corn 2015","B","3288",90.4,3.898,1473.1,"10/12/2015 2:08:21 PM",20,17.54,21.22,21.1,211.72,211.72,NA,NA,57.8937507637406,141.213011751808,29364,0.760469272006837,113.760679168234,"24","12",24
"3325",-96.88214336,43.45219754,"East Quarter","East Quarter Corn 2015","B","3289",90.21,3.931,1473.1,"10/12/2015 2:08:22 PM",20,17.54,20.75,20.64,205.35,205.35,NA,NA,59.3084098725989,141.185296623844,27008,0.699453551912568,110.337972166998,"24","12",24
"3326",-96.88212865,43.45219739,"East Quarter","East Quarter Corn 2015","B","3290",90.25,3.898,1473.3,"10/12/2015 2:08:23 PM",20,17.54,23.24,23.1,231.85,231.85,NA,NA,60.7173222290204,141.168667547224,35053,0.907803071504416,124.576863145452,"24","12",24
"3327",-96.88211399,43.45219728,"East Quarter","East Quarter Corn 2015","B","3291",90.39,3.898,1473.3,"10/12/2015 2:08:24 PM",20,17.54,22.48,22.35,224.33,224.33,NA,NA,62.1214456246241,141.156472890667,33273.5,0.861717556263435,120.536242007415,"24","12",24
"3328",-96.88209897,43.45219742,"East Quarter","East Quarter Corn 2015","B","3292",90.44,3.996,1473.2,"10/12/2015 2:08:25 PM",20,17.95,22.44,22.42,218.37,218.37,NA,NA,63.5600495389322,141.171993362075,31530,0.816564369512858,117.333834828865,"24","12",24
"3329",-96.8820843,43.45219738,"East Quarter","East Quarter Corn 2015","B","3293",89.56,3.898,1473.2,"10/12/2015 2:08:26 PM",20,17.54,24.46,24.32,244.02,244.02,NA,NA,64.9651307261551,141.16755894201,36929.5,0.956400694066765,131.116006662726,"24","12",24
"3330",-96.88206936,43.45219747,"East Quarter","East Quarter Corn 2015","B","3294",89.14,3.964,1473.1,"10/12/2015 2:08:27 PM",20,17.54,22.22,22.09,218.01,218.01,NA,NA,66.396072303427,141.17753638814,31420.5,0.81372853702121,117.140400838214,"24","12",24
"3331",-96.88205473,43.4521973,"East Quarter","East Quarter Corn 2015","B","3295",90.17,3.898,1473.1,"10/12/2015 2:08:28 PM",20,17.54,19.09,18.98,190.48,190.48,NA,NA,67.7973223228124,141.158690101094,21026,0.54453163442364,102.348073719843,"24","12",24
"3332",-96.88203997,43.45219759,"East Quarter","East Quarter Corn 2015","B","3296",90.06,3.931,1473,"10/12/2015 2:08:29 PM",20,17.92,21.7,21.67,214.67,214.67,NA,NA,69.2110236400516,141.190839649122,30331,0.785512651179655,115.345763258288,"24","12",24
"3333",-96.88202531,43.45219769,"East Quarter","East Quarter Corn 2015","B","3297",90.14,3.898,1473,"10/12/2015 2:08:30 PM",20,17.92,22.05,22.02,220,220,NA,NA,70.6151470342942,141.201925700465,32046,0.829927744541994,118.2096609532,"24","12",24
"3334",-96.88201056,43.45219756,"East Quarter","East Quarter Corn 2015","B","3298",89.93,3.931,1473,"10/12/2015 2:08:31 PM",20,17.92,23.37,23.35,231.26,231.26,NA,NA,72.0278905599143,141.18751383427,34940.5,0.904889544971901,124.259846327441,"24","12",24
"3335",-96.88199611,43.45219745,"East Quarter","East Quarter Corn 2015","B","3299",89.98,3.865,1472.9,"10/12/2015 2:08:32 PM",20,17.92,24.26,24.23,244.07,244.07,NA,NA,73.4119003179058,141.175319177714,36932,0.956465439100821,131.142872494761,"24","12",24
"3336",-96.88198119,43.45219763,"East Quarter","East Quarter Corn 2015","B","3300",89.99,3.964,1472.9,"10/12/2015 2:08:33 PM",20,17.8,24.64,24.58,241.83,241.83,NA,NA,74.8409263105785,141.195274069974,36674,0.949783751586253,129.939283219601,"24","12",24
"3337",-96.88196653,43.45219762,"East Quarter","East Quarter Corn 2015","B","3301",90.22,3.898,1472.9,"10/12/2015 2:08:34 PM",20,17.92,26.6,26.57,265.36,265.36,NA,NA,76.2450497061822,141.194165464761,38194,0.989148732292233,142.582343775187,"24","12",24
"3338",-96.88195163,43.45219737,"East Quarter","East Quarter Corn 2015","B","3302",90.11,3.964,1472.8,"10/12/2015 2:08:35 PM",20,17.92,23.84,23.81,233.9,233.9,NA,NA,77.6721601142555,141.166450336797,35452,0.918136378939735,125.678362258879,"24","12",24
"3339",-96.88193695,43.45219774,"East Quarter","East Quarter Corn 2015","B","3303",89.79,3.898,1472.8,"10/12/2015 2:08:36 PM",20,17.92,23.13,23.1,230.79,230.79,NA,NA,79.0781990944586,141.20746872653,34846,0.902442182684588,124.007307506313,"24","12",24
"3340",-96.8819221,43.45219736,"East Quarter","East Quarter Corn 2015","B","3304",90.01,3.964,1472.8,"10/12/2015 2:08:37 PM",20,17.92,25.12,25.09,246.46,246.46,NA,NA,80.5005205417142,141.165341731584,37153,0.962188900111361,132.427059266025,"24","12",24
"3341",-96.88190743,43.45219758,"East Quarter","East Quarter Corn 2015","B","3305",89.98,3.898,1472.8,"10/12/2015 2:08:38 PM",20,17.92,21.85,21.83,218.01,218.01,NA,NA,81.905601728937,141.189731044696,31420.5,0.81372853702121,117.140400838214,"24","12",24
"3342",-96.88189273,43.45219728,"East Quarter","East Quarter Corn 2015","B","3306",90.13,3.898,1472.7,"10/12/2015 2:08:39 PM",20,17.92,20.37,20.35,203.26,203.26,NA,NA,83.3135562923783,141.156472890667,26143.5,0.677064719136042,109.214980387943,"24","12",24
"3343",-96.88187822,43.45219745,"East Quarter","East Quarter Corn 2015","B","3307",90.13,3.865,1472.8,"10/12/2015 2:08:40 PM",20,17.92,22.8,22.77,229.41,229.41,NA,NA,84.7033128041678,141.175319177714,34511.5,0.89377929712791,123.265810542152,"24","12",24
"3344",-96.88186322,43.45219721,"East Quarter","East Quarter Corn 2015","B","3308",90.21,3.996,1472.8,"10/12/2015 2:08:41 PM",20,17.92,20.77,20.75,202.12,202.12,NA,NA,86.1400011352376,141.148712654964,25722.5,0.666161655401031,108.602439417549,"24","12",24
"3345",-96.88184845,43.45219717,"East Quarter","East Quarter Corn 2015","B","3309",90.3,3.931,1472.8,"10/12/2015 2:08:42 PM",20,17.92,22.75,22.73,225.15,225.15,NA,NA,87.5546602440959,141.144278234111,33477,0.866987802035584,120.976841652786,"24","12",24
"3346",-96.88183329,43.45219702,"East Quarter","East Quarter Corn 2015","B","3310",90.02,4.062,1472.7,"10/12/2015 2:08:43 PM",20,17.72,23.96,23.88,229.42,229.42,NA,NA,89.0066732505992,141.127649157491,34515,0.893869940175589,123.271183708559,"24","12",24
"3347",-96.88181848,43.4521972,"East Quarter","East Quarter Corn 2015","B","3311",90.02,3.931,1472.8,"10/12/2015 2:08:44 PM",20,18.15,23.95,23.99,236.93,236.93,NA,NA,90.4251635286562,141.147604049751,35963,0.931370263900759,127.306431680189,"24","12",24
"3348",-96.88180328,43.45219699,"East Quarter","East Quarter Corn 2015","B","3312",90.29,4.029,1472.7,"10/12/2015 2:08:45 PM",20,17.89,25.04,25,241.68,241.68,NA,NA,91.8810077043581,141.124323341852,36653,0.949239893300184,129.858685723497,"24","12",24
"3349",-96.88178839,43.45219689,"East Quarter","East Quarter Corn 2015","B","3313",90.38,3.964,1472.7,"10/12/2015 2:08:46 PM",20,17.89,23.89,23.85,234.42,234.42,NA,NA,93.3071603208124,141.113237291296,35533,0.920234118043146,125.957766912041,"24","12",24
"3350",-96.88177361,43.45219693,"East Quarter","East Quarter Corn 2015","B","3314",90.38,3.931,1472.7,"10/12/2015 2:08:47 PM",20,17.89,24.38,24.34,241.18,241.18,NA,NA,94.7227772226509,141.117671711361,36592,0.94766011446922,129.590027403149,"24","12",24
"3351",-96.88175859,43.45219634,"East Quarter","East Quarter Corn 2015","B","3315",90.45,3.996,1472.8,"10/12/2015 2:08:48 PM",20,17.89,25.57,25.53,248.82,248.82,NA,NA,96.161381136959,141.052264009303,37354,0.967394400849455,133.695126538069,"24","12",24
"3352",-96.88174381,43.45219636,"East Quarter","East Quarter Corn 2015","B","3316",90.44,3.931,1472.8,"10/12/2015 2:08:49 PM",20,17.89,21.04,21.01,208.19,208.19,NA,NA,97.5769980387975,141.05448121973,28066,0.72685365032502,111.863951426576,"24","12",24
"3353",-96.88172873,43.45219625,"East Quarter","East Quarter Corn 2015","B","3317",90.43,3.996,1472.8,"10/12/2015 2:08:50 PM",20,17.89,20.2,20.17,196.61,196.61,NA,NA,99.0213487069036,141.042286563174,23548,0.60984642477922,105.641824727312,"24","12",24
"3354",-96.88171362,43.45219661,"East Quarter","East Quarter Corn 2015","B","3318",89.97,4.029,1472.8,"10/12/2015 2:08:51 PM",20,17.89,24.42,24.38,235.71,235.71,NA,NA,100.468572752589,141.082196347693,35760,0.926112967135421,126.65090537854,"24","12",24
"3355",-96.8816986,43.45219642,"East Quarter","East Quarter Corn 2015","B","3319",89.96,3.996,1472.8,"10/12/2015 2:08:52 PM",20,17.89,21.48,21.45,209.07,209.07,NA,NA,101.907176668258,141.06113285022,28350,0.734208686193769,112.336790070388,"24","12",24
"3356",-96.88168358,43.45219611,"East Quarter","East Quarter Corn 2015","B","3320",90.07,3.996,1472.9,"10/12/2015 2:08:53 PM",20,17.89,22.87,22.84,222.61,222.61,NA,NA,103.345780582566,141.026766091766,32774.5,0.848794447465879,119.612057385417,"24","12",24
"3357",-96.88166872,43.45219614,"East Quarter","East Quarter Corn 2015","B","3321",89.78,3.964,1472.9,"10/12/2015 2:08:54 PM",20,17.89,21.62,21.58,212.1,212.1,NA,NA,104.769059822802,141.030091906617,29507.5,0.764185636961645,113.964859491698,"24","12",24
"3358",-96.8816538,43.45219607,"East Quarter","East Quarter Corn 2015","B","3322",90.18,3.964,1473,"10/12/2015 2:08:55 PM",20,17.89,20.71,20.68,203.22,203.22,NA,NA,106.198085815475,141.022331670914,26124,0.676559707870406,109.193487722315,"24","12",24
"3359",-96.88163898,43.45219625,"East Quarter","East Quarter Corn 2015","B","3323",90.11,3.931,1473,"10/12/2015 2:08:56 PM",20,17.89,21.59,21.56,213.65,213.65,NA,NA,107.617533885151,141.042286563174,30002.5,0.777005153704711,114.797700284778,"24","12",24
"3360",-96.88162385,43.45219619,"East Quarter","East Quarter Corn 2015","B","3324",89.98,4.029,1473,"10/12/2015 2:08:57 PM",20,17.89,20.47,20.44,197.56,197.56,NA,NA,109.066673515436,141.035634932683,23915,0.619350995778624,106.152275535973,"24","12",24
"3361",-96.881609,43.45219609,"East Quarter","East Quarter Corn 2015","B","3325",89.98,3.964,1473.1,"10/12/2015 2:08:58 PM",20,17.89,21.13,21.1,207.33,207.33,NA,NA,110.488994962691,141.02454888134,27755.5,0.718812317095279,111.401859115577,"24","12",24
"3362",-96.88159395,43.45219598,"East Quarter","East Quarter Corn 2015","B","3326",90.29,3.996,1473.1,"10/12/2015 2:08:59 PM",20,17.89,24.75,24.71,240.87,240.87,NA,NA,111.930472254579,141.012354224784,36553,0.946650091937948,129.423459244533,"24","12",24
"3363",-96.881579,43.45219597,"East Quarter","East Quarter Corn 2015","B","3327",91.33,3.996,1473.1,"10/12/2015 2:09:00 PM",20,17.89,21.92,21.89,213.37,213.37,NA,NA,113.36237162347,141.011245619571,29912,0.774661383471888,114.647251625383,"24","12",24
"3364",-96.88156388,43.45219588,"East Quarter","East Quarter Corn 2015","B","3328",90.29,4.029,1473.2,"10/12/2015 2:09:01 PM",20,17.89,22.01,21.98,212.48,212.48,NA,NA,114.810553460775,141.001268173441,29637,0.76753942972574,114.169039815163,"24","12",24
"3365",-96.88154903,43.45219586,"East Quarter","East Quarter Corn 2015","B","3329",90.2,3.964,1473.2,"10/12/2015 2:09:02 PM",20,17.89,24.75,24.71,242.86,242.86,NA,NA,116.23287490803,140.999050963802,36801.5,0.953085748323104,130.492719359519,"24","12",24
"3366",-96.88153426,43.45219558,"East Quarter","East Quarter Corn 2015","B","3330",90.37,3.931,1473.3,"10/12/2015 2:09:03 PM",20,17.89,22.63,22.6,223.92,223.92,NA,NA,117.64753401825,140.968010020199,33166.5,0.858946468805843,120.315942184729,"24","12",24
"3367",-96.88151967,43.45219567,"East Quarter","East Quarter Corn 2015","B","3331",90.38,3.865,1473.4,"10/12/2015 2:09:04 PM",20,17.89,24.09,24.05,242.38,242.38,NA,NA,119.044952867075,140.977987466329,36741,0.951518918498951,130.234807371984,"24","12",24
"3368",-96.88150458,43.45219559,"East Quarter","East Quarter Corn 2015","B","3332",90.52,3.996,1473.4,"10/12/2015 2:09:05 PM",20,17.89,23.71,23.68,230.77,230.77,NA,NA,120.490261328162,140.969118625413,34842,0.902338590630099,123.9965611735,"24","12",24
"3369",-96.88148969,43.45219539,"East Quarter","East Quarter Corn 2015","B","3333",90.66,3.964,1473.5,"10/12/2015 2:09:06 PM",20,17.89,22.79,22.75,223.58,223.58,NA,NA,121.916413944616,140.946946522726,33028,0.855359593919146,120.133254526893,"24","12",24
"3370",-96.88147479,43.45219513,"East Quarter","East Quarter Corn 2015","B","3334",90.75,3.964,1473.6,"10/12/2015 2:09:07 PM",20,17.89,23.89,23.85,234.42,234.42,NA,NA,123.343524352689,140.91812278955,35533,0.920234118043146,125.957766912041,"24","12",24
"3371",-96.88145999,43.45219528,"East Quarter","East Quarter Corn 2015","B","3335",90.74,3.931,1473.6,"10/12/2015 2:09:08 PM",20,17.89,22.56,22.53,223.26,223.26,NA,NA,124.761056839127,140.93475186617,32950.5,0.853352497863414,119.96131320187,"24","12",24
"3372",-96.88144538,43.45219483,"East Quarter","East Quarter Corn 2015","B","3336",90.61,3.898,1473.7,"10/12/2015 2:09:09 PM",20,17.89,23.54,23.5,234.84,234.84,NA,NA,126.160391272552,140.884864636308,35616.5,0.922396602180613,126.183439901134,"24","12",24
"3373",-96.88143053,43.45219458,"East Quarter","East Quarter Corn 2015","B","3337",90.63,3.996,1473.7,"10/12/2015 2:09:10 PM",20,17.89,24.71,24.67,240.44,240.44,NA,NA,127.582712719807,140.857149507557,36480.5,0.944772485950328,129.192413089033,"24","12",24
"3374",-96.88141582,43.45219501,"East Quarter","East Quarter Corn 2015","B","3338",90.22,3.931,1473.8,"10/12/2015 2:09:11 PM",20,17.89,22.06,22.02,218.24,218.24,NA,NA,128.991625076229,140.904819527781,31482,0.815321264858985,117.263983665574,"24","12",24
"3375",-96.88140109,43.45219505,"East Quarter","East Quarter Corn 2015","B","3339",89.9,3.898,1473.8,"10/12/2015 2:09:12 PM",20,17.89,23.09,23.06,230.43,230.43,NA,NA,130.40245301725,140.909253948633,34768,0.900422137622044,123.813873515663,"24","12",24
"3376",-96.88138644,43.45219508,"East Quarter","East Quarter Corn 2015","B","3340",89.92,3.898,1473.8,"10/12/2015 2:09:13 PM",20,17.89,27.11,27.07,270.52,270.52,NA,NA,131.805618619873,140.912579764272,38301,0.991919819749825,145.35489764118,"24","12",24
"3377",-96.88137177,43.45219496,"East Quarter","East Quarter Corn 2015","B","3341",89.93,3.898,1473.9,"10/12/2015 2:09:14 PM",20,17.89,25.08,25.04,250.26,250.26,NA,NA,133.210699807096,140.899276502503,37474.5,0.970515111490949,134.468862500672,"24","12",24
"3378",-96.88135678,43.45219499,"East Quarter","East Quarter Corn 2015","B","3342",90.18,3.996,1473.9,"10/12/2015 2:09:15 PM",20,17.89,21.5,21.47,209.29,209.29,NA,NA,134.646430345186,140.902602318142,28437.5,0.736474762385725,112.454999731342,"24","12",24
"3379",-96.88134212,43.45219498,"East Quarter","East Quarter Corn 2015","B","3343",90.17,3.898,1474,"10/12/2015 2:09:16 PM",20,17.89,22.56,22.53,225.14,225.14,NA,NA,136.05055374079,140.901493712929,33474,0.866910107994717,120.971468486379,"24","12",24
"3380",-96.88132723,43.45219485,"East Quarter","East Quarter Corn 2015","B","3344",90.47,3.964,1474.1,"10/12/2015 2:09:17 PM",20,17.76,23.13,23.06,226.97,226.97,NA,NA,137.476706357244,140.887081845947,33933,0.878797296247378,121.954757938853,"24","12",24
"3381",-96.88131287,43.45219484,"East Quarter","East Quarter Corn 2015","B","3345",90.55,3.832,1474.2,"10/12/2015 2:09:18 PM",20,17.76,25.01,24.93,253.82,253.82,NA,NA,138.852095985219,140.885973240734,37718.5,0.976834226814803,136.381709741551,"24","12",24
"3382",-96.8812981,43.45219449,"East Quarter","East Quarter Corn 2015","B","3346",90.74,3.931,1474.3,"10/12/2015 2:09:19 PM",20,17.76,21.58,21.52,213.55,213.55,NA,NA,140.266755095438,140.847172061427,29965.5,0.776046927200684,114.743968620708,"24","12",24
"3383",-96.88128341,43.45219466,"East Quarter","East Quarter Corn 2015","B","3347",90.43,3.898,1474.3,"10/12/2015 2:09:20 PM",20,17.76,22.45,22.38,223.96,223.96,NA,NA,141.673751867261,140.866018349262,33178,0.8592442959625,120.337434850357,"24","12",24
"3384",-96.88126886,43.45219447,"East Quarter","East Quarter Corn 2015","B","3348",90.54,3.865,1474.4,"10/12/2015 2:09:21 PM",20,17.76,23.29,23.21,234.31,234.31,NA,NA,143.067339546887,140.844954851789,35519.5,0.919884494859244,125.898662081565,"24","12",24
"3385",-96.88125411,43.45219457,"East Quarter","East Quarter Corn 2015","B","3349",90.76,3.931,1474.4,"10/12/2015 2:09:22 PM",20,17.76,21.34,21.27,211.15,211.15,NA,NA,144.480083072508,140.856040903132,29152,0.754978893118898,113.454408683037,"24","12",24
"3386",-96.88123956,43.45219454,"East Quarter","East Quarter Corn 2015","B","3350",90.04,3.898,1474.6,"10/12/2015 2:09:23 PM",20,17.76,22.6,22.53,225.5,225.5,NA,NA,145.873670753496,140.852715087492,33576.5,0.869564654391008,121.16490247703,"24","12",24
"3387",-96.88122473,43.45219429,"East Quarter","East Quarter Corn 2015","B","3351",91.68,3.964,1474.6,"10/12/2015 2:09:24 PM",20,17.76,24.37,24.29,239.13,239.13,NA,NA,147.294076616152,140.824999959529,36282,0.93963173024629,128.488528289721,"24","12",24
"3388",-96.88121004,43.45219427,"East Quarter","East Quarter Corn 2015","B","3352",91.96,3.898,1474.7,"10/12/2015 2:09:25 PM",20,17.76,22.4,22.33,223.51,223.51,NA,NA,148.701073387974,140.822782749103,33014,0.854997021728433,120.095642362044,"24","12",24
"3389",-96.88119552,43.45219435,"East Quarter","East Quarter Corn 2015","B","3353",90.96,3.865,1474.7,"10/12/2015 2:09:26 PM",20,17.76,22.36,22.29,224.97,224.97,NA,NA,150.091787691383,140.83165159002,33430,0.865770595395333,120.880124657461,"24","12",24
"3390",-96.88118075,43.45219445,"East Quarter","East Quarter Corn 2015","B","3354",89.66,3.931,1474.8,"10/12/2015 2:09:27 PM",20,17.76,24.33,24.25,240.68,240.68,NA,NA,151.506446801602,140.842737641363,36525.5,0.945937896563334,129.3213690828,"24","12",24
"3391",-96.88116628,43.45219459,"East Quarter","East Quarter Corn 2015","B","3355",90.08,3.865,1474.8,"10/12/2015 2:09:28 PM",20,17.84,23.68,23.63,238.31,238.31,NA,NA,152.892372144193,140.85825811277,36165.5,0.936614611659286,128.04792864435,"24","12",24
"3392",-96.88115153,43.45219414,"East Quarter","East Quarter Corn 2015","B","3356",90.39,3.931,1474.9,"10/12/2015 2:09:29 PM",20,17.76,23.42,23.35,231.71,231.71,NA,NA,154.305115669813,140.808370882908,35027,0.907129723150234,124.501638815754,"24","12",24
"3393",-96.88113697,43.45219402,"East Quarter","East Quarter Corn 2015","B","3357",90.52,3.865,1475,"10/12/2015 2:09:30 PM",20,17.76,20.79,20.72,209.17,209.17,NA,NA,155.69966114242,140.795067621139,28384.5,0.73510216766374,112.390521734458,"24","12",24
"3394",-96.88112199,43.45219378,"East Quarter","East Quarter Corn 2015","B","3358",90.68,3.996,1475,"10/12/2015 2:09:31 PM",20,17.76,22.8,22.73,221.88,221.88,NA,NA,157.134433888891,140.768461098388,32555.5,0.843122782482584,119.219816237709,"24","12",24
"3395",-96.8811073,43.45219406,"East Quarter","East Quarter Corn 2015","B","3359",90.53,3.898,1475.2,"10/12/2015 2:09:32 PM",20,17.76,23.79,23.72,237.41,237.41,NA,NA,158.541430660713,140.799502041203,36042,0.933416206976925,127.564343667723,"24","12",24
"3396",-96.88109255,43.45219394,"East Quarter","East Quarter Corn 2015","B","3360",90.45,3.931,1475.2,"10/12/2015 2:09:33 PM",20,17.79,21.09,21.03,208.66,208.66,NA,NA,159.954174184972,140.786198780222,28214.5,0.73069950534794,112.116490247703,"24","12",24
"3397",-96.88107792,43.45219377,"East Quarter","East Quarter Corn 2015","B","3361",90.56,3.898,1475.2,"10/12/2015 2:09:34 PM",20,17.79,22.97,22.91,229.17,229.17,NA,NA,161.355424204357,140.767352493175,34456.5,0.892354906378681,123.136854548385,"24","12",24
"3398",-96.88106281,43.45219354,"East Quarter","East Quarter Corn 2015","B","3362",91.25,4.029,1475.1,"10/12/2015 2:09:35 PM",20,17.79,23.45,23.39,226.4,226.4,NA,NA,162.802648248682,140.741854575638,33798.5,0.875314013415171,121.648487453656,"24","12",24
"3399",-96.88104778,43.45219343,"East Quarter","East Quarter Corn 2015","B","3363",91.46,3.996,1475.1,"10/12/2015 2:09:36 PM",20,17.79,19.87,19.82,193.41,193.41,NA,NA,164.24220995597,140.729659919082,22237,0.575894128920312,103.922411477083,"24","12",24
"3400",-96.88103239,43.45219338,"East Quarter","East Quarter Corn 2015","B","3364",91.18,4.095,1475.1,"10/12/2015 2:09:37 PM",20,17.79,18.13,18.08,172.17,172.17,NA,NA,165.716252183324,140.724116893016,14137,0.366120218579235,92.5098060286927,"24","12",24
"3401",-96.88101701,43.45219313,"East Quarter","East Quarter Corn 2015","B","3365",91.09,4.095,1475,"10/12/2015 2:09:38 PM",20,17.64,19.07,18.98,181.11,181.11,NA,NA,167.189336619058,140.696401765053,17418,0.451091601274182,97.3134167965182,"24","12",24
"3402",-96.8810013,43.45219334,"East Quarter","East Quarter Corn 2015","B","3366",89.92,4.193,1474.9,"10/12/2015 2:09:39 PM",20,17.61,20.23,20.13,187.61,187.61,NA,NA,168.694028197279,140.719682472952,19901,0.51539636909849,100.805974961045,"24","12",24
"3403",-96.88098562,43.45219342,"East Quarter","East Quarter Corn 2015","B","3367",90.4,4.16,1474.8,"10/12/2015 2:09:40 PM",20,17.79,21.77,21.72,203.55,203.55,NA,NA,170.19584639792,140.728551313869,26271,0.680366715872893,109.370802213745,"24","12",24
"3404",-96.88097015,43.45219303,"East Quarter","East Quarter Corn 2015","B","3368",91.4,4.128,1474.8,"10/12/2015 2:09:41 PM",20,17.99,19.25,19.25,181.4,181.4,NA,NA,171.677550963671,140.68531571371,17525.5,0.453875637738585,97.4692386223201,"24","12",24
"3405",-96.88095445,43.45219293,"East Quarter","East Quarter Corn 2015","B","3369",90.94,4.193,1474.7,"10/12/2015 2:09:42 PM",20,17.79,18.26,18.21,169.36,169.36,NA,NA,173.181284748912,140.674229663154,13217,0.342294046046668,90.9999462683359,"24","12",24
"3406",-96.88093855,43.45219276,"East Quarter","East Quarter Corn 2015","B","3370",90.44,4.226,1474.5,"10/12/2015 2:09:43 PM",20,17.79,16.71,16.67,153.8,153.8,NA,NA,174.704174380145,140.655383376108,8943,0.231605935824722,82.6392993391005,"24","12",24
"3407",-96.88092264,43.45219311,"East Quarter","East Quarter Corn 2015","B","3371",90.22,4.226,1474.4,"10/12/2015 2:09:44 PM",20,17.79,14.5,14.46,133.46,133.46,NA,NA,176.228021802998,140.694184555414,5160,0.133633750291353,71.7102788673365,"24","12",24
"3408",-96.88090682,43.45219323,"East Quarter","East Quarter Corn 2015","B","3372",90.21,4.226,1474.2,"10/12/2015 2:09:45 PM",20,17.79,14.94,14.9,137.53,137.53,NA,NA,177.743249094473,140.707487816396,5784.5,0.149807059798513,73.8971575949707,"24","12",24
"3409",-96.88089105,43.4521933,"East Quarter","East Quarter Corn 2015","B","3373",89.95,4.193,1474,"10/12/2015 2:09:46 PM",20,17.79,15.83,15.79,146.81,146.81,NA,NA,179.253687426491,140.715248052099,7432.5,0.192486986248155,78.883456020633,"24","12",24
"3410",-96.88087528,43.45219328,"East Quarter","East Quarter Corn 2015","B","3374",90.87,4.193,1473.9,"10/12/2015 2:09:47 PM",20,17.79,15.16,15.12,140.65,140.65,NA,NA,180.76412575851,140.713030842461,6321,0.163701344106907,75.5735855139434,"24","12",24
"3411",-96.88085944,43.45219316,"East Quarter","East Quarter Corn 2015","B","3375",90.27,4.226,1473.7,"10/12/2015 2:09:48 PM",20,17.79,17.15,17.11,157.87,157.87,NA,NA,182.281268635945,140.699727580692,9974.5,0.258319736876182,84.8261780667347,"24","12",24
"3412",-96.88084341,43.45219321,"East Quarter","East Quarter Corn 2015","B","3376",90.21,4.259,1473.5,"10/12/2015 2:09:49 PM",20,17.81,19.56,19.51,178.62,178.62,NA,NA,183.816609565033,140.70527060597,16473.5,0.426630927407868,95.9754983611842,"24","12",24
"3413",-96.88082766,43.45219308,"East Quarter","East Quarter Corn 2015","B","3377",90.28,4.193,1473.3,"10/12/2015 2:09:50 PM",20,17.81,20.2,20.15,187.36,187.36,NA,NA,185.325132312452,140.690858739775,19804.5,0.512897210783933,100.67164580087,"24","12",24
"3414",-96.88081147,43.45219272,"East Quarter","East Quarter Corn 2015","B","3378",90.54,4.324,1473.1,"10/12/2015 2:09:51 PM",20,17.81,20.02,19.97,180.08,180.08,NA,NA,186.875797916973,140.650948955255,17021.5,0.440823038872918,96.7599806566009,"24","12",24
"3415",-96.88079561,43.45219273,"East Quarter","East Quarter Corn 2015","B","3379",90.54,4.226,1473,"10/12/2015 2:09:52 PM",20,17.81,16.58,16.53,152.55,152.55,NA,NA,188.394856377647,140.652057560468,8675,0.224665268173931,81.9676535382301,"24","12",24
"3416",-96.88077933,43.45219294,"East Quarter","East Quarter Corn 2015","B","3380",90.51,4.324,1472.7,"10/12/2015 2:09:53 PM",20,17.81,20.66,20.61,185.85,185.85,NA,NA,189.954142113545,140.675338268367,19217.5,0.49769507678761,99.8602976734189,"24","12",24
"3417",-96.88076333,43.45219288,"East Quarter","East Quarter Corn 2015","B","3381",90.25,4.259,1472.5,"10/12/2015 2:09:54 PM",20,17.89,21.92,21.89,200.22,200.22,NA,NA,191.486609666414,140.668686637089,24985,0.647061870354544,107.581537800226,"24","12",24
"3418",-96.88074743,43.45219288,"East Quarter","East Quarter Corn 2015","B","3382",90.03,4.226,1472.3,"10/12/2015 2:09:55 PM",20,17.89,20.29,20.26,186.74,186.74,NA,NA,193.009499296286,140.668686637089,19551,0.506332064330666,100.338509483639,"24","12",24
"3419",-96.88073166,43.45219251,"East Quarter","East Quarter Corn 2015","B","3383",90.1,4.193,1472.2,"10/12/2015 2:09:56 PM",20,17.81,23.21,23.15,215.24,215.24,NA,NA,194.519937628305,140.627668248144,30503,0.7899671095227,115.652033743485,"24","12",24
"3420",-96.88071595,43.4521926,"East Quarter","East Quarter Corn 2015","B","3384",90.23,4.16,1472,"10/12/2015 2:09:57 PM",20,17.81,23.96,23.9,223.96,223.96,NA,NA,196.024629206526,140.637645693486,33178,0.8592442959625,120.337434850357,"24","12",24
"3421",-96.88070002,43.45219269,"East Quarter","East Quarter Corn 2015","B","3385",89.93,4.226,1471.8,"10/12/2015 2:09:58 PM",20,17.81,22.7,22.64,208.89,208.89,NA,NA,197.550392212616,140.647623139616,28295,0.732784295444539,112.240073075063,"24","12",24
"3422",-96.88068388,43.45219262,"East Quarter","East Quarter Corn 2015","B","3386",89.6,4.292,1471.7,"10/12/2015 2:09:59 PM",20,17.81,22.94,22.88,207.9,207.9,NA,NA,199.09626885632,140.639862903912,27968,0.724315644990029,111.708129600774,"24","12",24
"3423",-96.88066798,43.45219236,"East Quarter","East Quarter Corn 2015","B","3387",89.81,4.226,1471.5,"10/12/2015 2:10:00 PM",20,17.81,21.7,21.65,199.73,199.73,NA,NA,200.619158487553,140.611039170735,24785,0.641882267630073,107.318252646284,"24","12",24
"3424",-96.88065219,43.45219241,"East Quarter","East Quarter Corn 2015","B","3388",90.21,4.193,1471.3,"10/12/2015 2:10:01 PM",20,17.81,22.83,22.77,211.75,211.75,NA,NA,202.13151240281,140.616582196801,29378,0.76083184419755,113.776798667455,"24","12",24
"3425",-96.88063655,43.45219264,"East Quarter","East Quarter Corn 2015","B","3389",90.09,4.16,1471.1,"10/12/2015 2:10:02 PM",20,17.81,20.51,20.46,191.73,191.73,NA,NA,203.629499435613,140.642080114338,21530,0.557584233289307,103.019719520714,"24","12",24
"3426",-96.88062086,43.45219222,"East Quarter","East Quarter Corn 2015","B","3390",91.09,4.16,1471,"10/12/2015 2:10:03 PM",20,17.73,20.91,20.83,195.43,195.43,NA,NA,205.132275430596,140.595518699328,23059,0.597182296117888,105.00779109129,"24","12",24
"3427",-96.88060512,43.45219234,"East Quarter","East Quarter Corn 2015","B","3391",90.29,4.193,1470.9,"10/12/2015 2:10:04 PM",20,17.81,21.75,21.69,201.71,201.71,NA,NA,206.639840385035,140.608821961097,25570.5,0.662225157330433,108.382139594863,"24","12",24
"3428",-96.88058943,43.45219223,"East Quarter","East Quarter Corn 2015","B","3392",89.97,4.16,1470.7,"10/12/2015 2:10:05 PM",20,17.85,21.71,21.67,202.99,202.99,NA,NA,208.142616378656,140.596627304541,26037.5,0.674319529692073,109.069904894955,"24","12",24
"3429",-96.88057389,43.45219246,"East Quarter","East Quarter Corn 2015","B","3393",89.72,4.128,1470.5,"10/12/2015 2:10:06 PM",20,17.54,18.49,18.39,174.25,174.25,NA,NA,209.631025489824,140.622125222078,14865.5,0.384986921503121,93.6274246413411,"24","12",24
"3430",-96.88055809,43.45219254,"East Quarter","East Quarter Corn 2015","B","3394",90.15,4.193,1470.3,"10/12/2015 2:10:07 PM",20,17.54,23.44,23.3,217.38,217.38,NA,NA,211.144337198061,140.630994062995,31202,0.808069821044726,116.801891354575,"24","12",24
"3431",-96.88054249,43.45219228,"East Quarter","East Quarter Corn 2015","B","3395",90.54,4.16,1470.2,"10/12/2015 2:10:08 PM",20,17.54,24.17,24.03,225.94,225.94,NA,NA,212.638493061666,140.602170329819,33675.5,0.872128557739621,121.401321798936,"24","12",24
"3432",-96.88052688,43.45219255,"East Quarter","East Quarter Corn 2015","B","3396",90.61,4.16,1470.1,"10/12/2015 2:10:09 PM",20,17.54,24.06,23.92,224.9,224.9,NA,NA,214.13360671689,140.632102668208,33408,0.865200839095641,120.842512492612,"24","12",24
"3433",-96.88051105,43.45219256,"East Quarter","East Quarter Corn 2015","B","3397",90.5,4.193,1469.8,"10/12/2015 2:10:10 PM",20,18.13,23.47,23.5,217.66,217.66,NA,NA,215.649791802706,140.633211273421,31310,0.81086680651594,116.95234001397,"24","12",24
"3434",-96.88049533,43.45219235,"East Quarter","East Quarter Corn 2015","B","3398",90.54,4.16,1469.7,"10/12/2015 2:10:11 PM",20,17.85,21.05,21.01,196.8,196.8,NA,NA,217.155441172546,140.609930565522,23613,0.611529795664672,105.743914889044,"24","12",24
"3435",-96.88047968,43.45219258,"East Quarter","East Quarter Corn 2015","B","3399",90.19,4.16,1469.5,"10/12/2015 2:10:12 PM",20,17.54,25.74,25.6,240.65,240.65,NA,NA,218.65438599833,140.635428483848,36518.5,0.945756610467977,129.30524958358,"24","12",24
"3436",-96.880464,43.45219223,"East Quarter","East Quarter Corn 2015","B","3400",90.11,4.16,1469.4,"10/12/2015 2:10:13 PM",20,17.54,22.08,21.96,206.45,206.45,NA,NA,220.156204198971,140.596627304541,27446,0.71079688187916,110.929020471764,"24","12",24
"3437",-96.88044862,43.45219221,"East Quarter","East Quarter Corn 2015","B","3401",89.71,4.095,1469.3,"10/12/2015 2:10:14 PM",20,17.23,22.97,22.75,218.16,218.16,NA,NA,221.629288634706,140.594410094115,31455,0.814622018491182,117.220998334318,"24","12",24
"3438",-96.88043331,43.45219218,"East Quarter","East Quarter Corn 2015","B","3402",89.72,4.062,1469.2,"10/12/2015 2:10:15 PM",20,17.36,23.51,23.32,225.11,225.11,NA,NA,223.095668523662,140.591084278476,33463,0.866625229844871,120.955348987158,"24","12",24
"3439",-96.88041803,43.45219244,"East Quarter","East Quarter Corn 2015","B","3403",89.65,4.062,1469.1,"10/12/2015 2:10:16 PM",20,17.26,23.09,22.88,221.12,221.12,NA,NA,224.5591750364,140.619908011652,32362,0.838111516846658,118.81145559078,"24","12",24
"3440",-96.88040293,43.45219207,"East Quarter","East Quarter Corn 2015","B","3404",89.73,4.029,1469,"10/12/2015 2:10:17 PM",20,17.49,20.94,20.81,202.17,202.17,NA,NA,226.005441289106,140.578889622707,25742,0.666666666666667,108.629305249584,"24","12",24
"3441",-96.88038775,43.45219262,"East Quarter","East Quarter Corn 2015","B","3405",89.64,4.062,1468.9,"10/12/2015 2:10:18 PM",20,17.54,25.25,25.11,241.81,241.81,NA,NA,227.459369880208,140.639862903912,36669.5,0.949667210524953,129.928536886787,"24","12",24
"3442",-96.88037269,43.45219235,"East Quarter","East Quarter Corn 2015","B","3406",89.75,3.996,1468.8,"10/12/2015 2:10:19 PM",20,17.54,24.55,24.41,238.88,238.88,NA,NA,228.901804963715,140.609930565522,36242,0.938595809701396,128.354199129547,"24","12",24
"3443",-96.88035763,43.45219254,"East Quarter","East Quarter Corn 2015","B","3407",89.5,3.996,1468.8,"10/12/2015 2:10:20 PM",20,17.57,24.47,24.34,238.14,238.14,NA,NA,230.344240047222,140.630994062995,36143,0.936031906352783,127.956584815432,"24","12",24
"3444",-96.88034245,43.45219233,"East Quarter","East Quarter Corn 2015","B","3408",89.8,4.029,1468.7,"10/12/2015 2:10:21 PM",20,17.91,23.93,23.9,230.97,230.97,NA,NA,231.798168638324,140.607713355884,34876,0.903219123093259,124.104024501639,"24","12",24
"3445",-96.88032712,43.45219266,"East Quarter","East Quarter Corn 2015","B","3409",89.44,4.095,1468.7,"10/12/2015 2:10:22 PM",20,18.14,21.97,22,208.65,208.65,NA,NA,233.26646411188,140.644297324764,28208.5,0.730544117266206,112.111117081296,"24","12",24
"3446",-96.88031193,43.45219251,"East Quarter","East Quarter Corn 2015","B","3410",89.63,4.029,1468.6,"10/12/2015 2:10:23 PM",20,18.14,25.29,25.33,244.13,244.13,NA,NA,234.721350494602,140.627668248144,36939.5,0.956659674202989,131.175111493203,"24","12",24
"3447",-96.88029678,43.45219246,"East Quarter","East Quarter Corn 2015","B","3411",90,4.029,1468.5,"10/12/2015 2:10:24 PM",20,18.47,21.46,21.58,207.17,207.17,NA,NA,236.172405709486,140.622125222078,27706,0.717530365420972,111.315888453065,"24","12",24
"3448",-96.88028172,43.45219205,"East Quarter","East Quarter Corn 2015","B","3412",90.35,3.996,1468.4,"10/12/2015 2:10:25 PM",20,17.93,21.56,21.54,209.83,209.83,NA,NA,237.614840792993,140.576672412281,28629.5,0.741447181001217,112.745150717318,"24","12",24
"3449",-96.88026659,43.45219207,"East Quarter","East Quarter Corn 2015","B","3413",89.71,4.029,1468.4,"10/12/2015 2:10:26 PM",20,18.14,23.2,23.24,223.95,223.95,NA,NA,239.063980421916,140.578889622707,33174.5,0.859153652914821,120.33206168395,"24","12",24
"3450",-96.88025131,43.45219225,"East Quarter","East Quarter Corn 2015","B","3414",90.84,4.062,1468.2,"10/12/2015 2:10:27 PM",20,17.7,22.57,22.49,216.13,216.13,NA,NA,240.527486934655,140.598844514967,30800,0.797658819568539,116.130245553705,"24","12",24
"3451",-96.8802361,43.45219207,"East Quarter","East Quarter Corn 2015","B","3415",90.68,4.062,1468.1,"10/12/2015 2:10:28 PM",20,18.32,17.97,18.03,172.02,172.02,NA,NA,241.984288901976,140.578889622707,14077.5,0.364579286768705,92.4292085325882,"24","12",24
"3452",-96.88022089,43.45219206,"East Quarter","East Quarter Corn 2015","B","3416",90.52,4.062,1468,"10/12/2015 2:10:29 PM",20,18.74,21.94,22.13,210.05,210.05,NA,NA,243.441090869297,140.577781017494,28716,0.743687359179551,112.863360378271,"24","12",24
"3453",-96.88020561,43.45219179,"East Quarter","East Quarter Corn 2015","B","3417",90.4,4.062,1467.9,"10/12/2015 2:10:30 PM",20,18.14,22.5,22.53,215.39,215.39,NA,NA,244.904597382035,140.547848679104,30559,0.791417398285551,115.732631239589,"24","12",24
"3454",-96.8801904,43.45219177,"East Quarter","East Quarter Corn 2015","B","3418",90.76,4.062,1467.8,"10/12/2015 2:10:31 PM",20,18.24,22.51,22.58,215.55,215.55,NA,NA,246.361399349356,140.545631468678,30616.5,0.792906534068837,115.818601902101,"24","12",24
"3455",-96.8801754,43.45219146,"East Quarter","East Quarter Corn 2015","B","3419",91.93,3.996,1467.8,"10/12/2015 2:10:32 PM",20,18.37,22.41,22.51,218.1,218.1,NA,NA,247.798087680426,140.511264710224,31443,0.814311242327713,117.188759335877,"24","12",24
"3456",-96.88016061,43.45219196,"East Quarter","East Quarter Corn 2015","B","3420",89.86,3.931,1467.8,"10/12/2015 2:10:33 PM",20,18.14,20.93,20.97,207.12,207.12,NA,NA,249.214662373883,140.566694966151,27686.5,0.717025354155336,111.289022621031,"24","12",24
"3457",-96.88014618,43.45219168,"East Quarter","East Quarter Corn 2015","B","3421",90.82,3.832,1467.9,"10/12/2015 2:10:34 PM",20,18.36,21.58,21.67,219,219,NA,NA,250.596756548637,140.535654022548,31734.5,0.82186051329863,117.672344312503,"24","12",24
"3458",-96.88013172,43.45219122,"East Quarter","East Quarter Corn 2015","B","3422",90.64,3.832,1468.1,"10/12/2015 2:10:35 PM",20,18.14,18.03,18.06,182.95,182.95,NA,NA,251.981724099608,140.484658187473,18098.5,0.468715199544195,98.3020794153995,"24","12",24
"3459",-96.88011751,43.45219121,"East Quarter","East Quarter Corn 2015","B","3423",92.07,3.767,1468.3,"10/12/2015 2:10:36 PM",20,18.14,17.43,17.46,180,180,NA,NA,253.342746843769,140.48354958226,16983,0.439825965348458,96.7169953253452,"24","12",24
"3460",-96.88010329,43.45219102,"East Quarter","East Quarter Corn 2015","B","3424",91.16,3.8,1468.4,"10/12/2015 2:10:37 PM",20,19.06,19.59,19.84,200.5,200.5,NA,NA,254.704727382271,140.462486084787,25105.5,0.650182580996038,107.731986459621,"24","12",24
"3461",-96.88008911,43.45219119,"East Quarter","East Quarter Corn 2015","B","3425",90.12,3.8,1468.7,"10/12/2015 2:10:38 PM",20,18.9,20.06,20.28,205.36,205.36,NA,NA,256.062876750214,140.481332371834,27010.5,0.699518296946624,110.343345333405,"24","12",24
"3462",-96.88007494,43.45219074,"East Quarter","East Quarter Corn 2015","B","3426",90.23,3.767,1468.8,"10/12/2015 2:10:39 PM",20,19.06,18.26,18.5,188.54,188.54,NA,NA,257.420068326537,140.431445141184,20242.5,0.524240540750524,101.305679436892,"24","12",24
"3463",-96.88006045,43.45219114,"East Quarter","East Quarter Corn 2015","B","3427",89.14,3.865,1468.8,"10/12/2015 2:10:40 PM",20,19.06,23.09,23.39,232.36,232.36,NA,NA,258.807909253727,140.475789345769,35177.5,0.911027374200399,124.850894632207,"24","12",24
"3464",-96.88004576,43.45219122,"East Quarter","East Quarter Corn 2015","B","3428",89.44,3.931,1468.8,"10/12/2015 2:10:41 PM",20,19.06,22.72,23.02,224.82,224.82,NA,NA,260.214906025549,140.484658187473,33389,0.864708776836817,120.799527161356,"24","12",24
"3465",-96.88003074,43.45219131,"East Quarter","East Quarter Corn 2015","B","3429",89.55,3.996,1468.8,"10/12/2015 2:10:42 PM",20,19.06,24.22,24.54,235.74,235.74,NA,NA,261.653509941218,140.494635633603,35763,0.926190661176288,126.66702487776,"24","12",24
"3466",-96.88001545,43.45219073,"East Quarter","East Quarter Corn 2015","B","3430",91.79,4.095,1468.8,"10/12/2015 2:10:43 PM",20,19.06,21.29,21.56,202.17,202.17,NA,NA,263.117974245576,140.430336535971,25742,0.666666666666667,108.629305249584,"24","12",24
"3467",-96.88000016,43.45219095,"East Quarter","East Quarter Corn 2015","B","3431",90.56,4.062,1468.9,"10/12/2015 2:10:44 PM",20,19.06,20.09,20.35,192.34,192.34,NA,NA,264.582438551294,140.454725849083,21792,0.564369512858364,103.347482671538,"24","12",24
"3468",-96.87998478,43.45219099,"East Quarter","East Quarter Corn 2015","B","3432",90.47,4.095,1468.8,"10/12/2015 2:10:45 PM",20,18.85,21.43,21.65,203.53,203.53,NA,NA,266.055522985667,140.459160269148,26261,0.680107735736669,109.360055880931,"24","12",24
"3469",-96.87996962,43.45219054,"East Quarter","East Quarter Corn 2015","B","3433",92.43,4.029,1468.8,"10/12/2015 2:10:46 PM",20,19.06,20.78,21.05,200.63,200.63,NA,NA,267.507535992171,140.409273038498,25145.5,0.651218501540932,107.801837622911,"24","12",24
"3470",-96.8799545,43.45219043,"East Quarter","East Quarter Corn 2015","B","3434",91.12,4.029,1468.8,"10/12/2015 2:10:47 PM",20,19.06,21.2,21.47,204.62,204.62,NA,NA,268.955717829475,140.39707838273,26680,0.690959003444436,109.94573101929,"24","12",24
"3471",-96.87993929,43.45219042,"East Quarter","East Quarter Corn 2015","B","3435",90.88,4.029,1468.7,"10/12/2015 2:10:48 PM",20,19.06,23.53,23.83,227.1,227.1,NA,NA,270.412519796797,140.395969777517,33973,0.879833216792272,122.024609102144,"24","12",24
"3472",-96.87992381,43.45219057,"East Quarter","East Quarter Corn 2015","B","3436",91.73,4.128,1468.7,"10/12/2015 2:10:49 PM",20,19.06,21.5,21.78,202.62,202.62,NA,NA,271.895182154167,140.412598854138,25899,0.670732654805376,108.871097737897,"24","12",24
"3473",-96.87990838,43.45219018,"East Quarter","East Quarter Corn 2015","B","3437",90.83,4.095,1468.8,"10/12/2015 2:10:50 PM",20,19.06,18.83,19.07,178.81,178.81,NA,NA,273.373055549358,140.369363254766,16551,0.4286380234636,96.0775885229165,"24","12",24
"3474",-96.87989305,43.45219054,"East Quarter","East Quarter Corn 2015","B","3438",90.41,4.095,1468.9,"10/12/2015 2:10:51 PM",20,19.06,24.16,24.47,229.46,229.46,NA,NA,274.841351022914,140.409273038498,34521.5,0.894038277264134,123.292676374187,"24","12",24
"3475",-96.87987793,43.45219082,"East Quarter","East Quarter Corn 2015","B","3439",90.25,4.029,1469,"10/12/2015 2:10:52 PM",20,19.06,22.07,22.35,213.03,213.03,NA,NA,276.289532860218,140.440313982101,29812,0.772071582109652,114.464563967546,"24","12",24
"3476",-96.87986262,43.45219027,"East Quarter","East Quarter Corn 2015","B","3440",91.28,4.062,1468.9,"10/12/2015 2:10:53 PM",20,19.56,24.46,24.93,234.23,234.23,NA,NA,277.755912750536,140.379340700896,35502.5,0.919444228627664,125.855676750309,"24","12",24
"3477",-96.87984757,43.45219011,"East Quarter","East Quarter Corn 2015","B","3441",90.32,3.996,1469,"10/12/2015 2:10:54 PM",20,19.45,21.72,22.11,211.42,211.42,NA,NA,279.197390042424,140.361603018275,29250.5,0.7575298474607,113.599484176025,"24","12",24
"3478",-96.87983252,43.45219026,"East Quarter","East Quarter Corn 2015","B","3442",90.5,4.029,1469,"10/12/2015 2:10:55 PM",20,19.22,22.16,22.49,213.86,213.86,NA,NA,280.638867334311,140.378232095683,30070.5,0.778766218631031,114.910536779324,"24","12",24
"3479",-96.87981713,43.45219034,"East Quarter","East Quarter Corn 2015","B","3443",89.55,4.095,1469,"10/12/2015 2:10:56 PM",20,18.72,23.41,23.61,222.33,222.33,NA,NA,282.112909560304,140.3871009366,32699,0.846839147437392,119.461608726022,"24","12",24
"3480",-96.87980223,43.45219037,"East Quarter","East Quarter Corn 2015","B","3444",90.3,3.964,1469.1,"10/12/2015 2:10:57 PM",20,19.22,21.87,22.2,214.63,214.63,NA,NA,283.540019969738,140.390426751452,30311,0.784994690907207,115.32427059266,"24","12",24
"3481",-96.87978687,43.45219035,"East Quarter","East Quarter Corn 2015","B","3445",90,4.095,1469.1,"10/12/2015 2:10:58 PM",20,19.16,21.11,21.41,200.48,200.48,NA,NA,285.011188819513,140.388209541813,25091.5,0.649820008805325,107.721240126807,"24","12",24
"3482",-96.87977169,43.45219013,"East Quarter","East Quarter Corn 2015","B","3446",90.11,4.062,1469.2,"10/12/2015 2:10:59 PM",20,19.22,23.39,23.74,223.99,223.99,NA,NA,286.465117410615,140.363820228701,33187,0.859477378085101,120.353554349578,"24","12",24
"3483",-96.87975633,43.45219024,"East Quarter","East Quarter Corn 2015","B","3447",90.2,4.095,1469.2,"10/12/2015 2:11:00 PM",20,19.22,22.22,22.55,211.06,211.06,NA,NA,287.936286260389,140.376014885257,29108.5,0.753852329526325,113.406050185374,"24","12",24
"3484",-96.87974113,43.45218996,"East Quarter","East Quarter Corn 2015","B","3448",90.42,4.062,1469.3,"10/12/2015 2:11:01 PM",20,19.22,21.76,22.09,208.39,208.39,NA,NA,289.392130436091,140.344973941654,28125,0.728381633128739,111.971414754715,"24","12",24
"3485",-96.87972615,43.45218992,"East Quarter","East Quarter Corn 2015","B","3449",90.41,3.996,1469.3,"10/12/2015 2:11:02 PM",20,19.27,25.35,25.75,246.75,246.75,NA,NA,290.826903182562,140.340539521589,37184.5,0.963004687540466,132.582881091827,"24","12",24
"3486",-96.87971101,43.45218973,"East Quarter","East Quarter Corn 2015","B","3450",90.54,4.029,1469.3,"10/12/2015 2:11:03 PM",20,19.16,21.06,21.36,203.32,203.32,NA,NA,292.277000604466,140.319476024117,26165.5,0.677634475435734,109.247219386384,"24","12",24
"3487",-96.87969603,43.45218996,"East Quarter","East Quarter Corn 2015","B","3451",89.55,3.996,1469.4,"10/12/2015 2:11:04 PM",20,19.22,24.68,25.04,240.14,240.14,NA,NA,293.711773349575,140.344973941654,36438.5,0.943684769378189,129.031218096824,"24","12",24
"3488",-96.87968114,43.45219017,"East Quarter","East Quarter Corn 2015","B","3452",89.37,3.964,1469.5,"10/12/2015 2:11:05 PM",20,19.45,22.5,22.91,220.82,220.82,NA,NA,295.13792596603,140.368254649553,32275,0.835858389661513,118.650260598571,"24","12",24
"3489",-96.87966607,43.45218969,"East Quarter","East Quarter Corn 2015","B","3453",90.11,3.996,1469.6,"10/12/2015 2:11:06 PM",20,19.22,23.13,23.48,225.13,225.13,NA,NA,296.581318842517,140.315041603264,33469.5,0.866793566933416,120.966095319972,"24","12",24
"3490",-96.87965093,43.45218999,"East Quarter","East Quarter Corn 2015","B","3454",89.92,4.029,1469.6,"10/12/2015 2:11:07 PM",20,18.72,23.08,23.28,222.78,222.78,NA,NA,298.031416264421,140.348299757293,32817.5,0.849908062051641,119.703401214336,"24","12",24
"3491",-96.87963585,43.45218981,"East Quarter","East Quarter Corn 2015","B","3455",90.04,4.029,1469.7,"10/12/2015 2:11:08 PM",20,19.16,21.69,22,209.41,209.41,NA,NA,299.475766932527,140.328344865033,28489,0.737808510087276,112.519477728225,"24","12",24
"3492",-96.87962095,43.4521899,"East Quarter","East Quarter Corn 2015","B","3456",90.18,3.964,1469.8,"10/12/2015 2:11:09 PM",20,18.9,20.59,20.81,202,202,NA,NA,300.9028773406,140.338322311163,25673.5,0.664892652733535,108.537961420665,"24","12",24
"3493",-96.87960601,43.45218973,"East Quarter","East Quarter Corn 2015","B","3457",90.02,3.964,1469.9,"10/12/2015 2:11:10 PM",20,19.13,20.72,21.01,203.35,203.35,NA,NA,302.333818917872,140.319476024117,26177.5,0.677945251599202,109.263338885605,"24","12",24
"3494",-96.87959107,43.45218954,"East Quarter","East Quarter Corn 2015","B","3458",90.15,3.996,1470,"10/12/2015 2:11:11 PM",20,18.98,18.26,18.47,177.67,177.67,NA,NA,303.764760495144,140.298412526644,16111,0.417242897469764,95.4650475525227,"24","12",24
"3495",-96.87957621,43.45218999,"East Quarter","East Quarter Corn 2015","B","3459",89.97,3.964,1470.1,"10/12/2015 2:11:12 PM",20,18.77,18.22,18.39,178.75,178.75,NA,NA,305.18803973538,140.348299757293,16518.5,0.427796338020874,96.0453495244748,"24","12",24
"3496",-96.87956127,43.45218998,"East Quarter","East Quarter Corn 2015","B","3460",89.66,3.964,1470.3,"10/12/2015 2:11:13 PM",20,18.9,21.35,21.58,209.49,209.49,NA,NA,306.618981312652,140.34719115208,28514.5,0.738468909434646,112.562463059481,"24","12",24
"3497",-96.87954666,43.45218963,"East Quarter","East Quarter Corn 2015","B","3461",89.3,3.931,1470.4,"10/12/2015 2:11:14 PM",20,18.84,19.6,19.8,193.91,193.91,NA,NA,308.018315746076,140.308389972774,22448.5,0.58137155880144,104.191069797432,"24","12",24
"3498",-96.87953171,43.45219005,"East Quarter","East Quarter Corn 2015","B","3462",89.15,3.996,1470.5,"10/12/2015 2:11:15 PM",20,18.9,19.8,20.02,192.7,192.7,NA,NA,309.450215116329,140.354951387784,21950,0.568461399010696,103.540916662189,"24","12",24
"3499",-96.87951689,43.4521898,"East Quarter","East Quarter Corn 2015","B","3463",89.57,3.931,1470.6,"10/12/2015 2:11:16 PM",20,18.9,20.48,20.7,202.61,202.61,NA,NA,310.869663186005,140.32723625982,25895,0.670629062750887,108.86572457149,"24","12",24
"3500",-96.87950213,43.45218999,"East Quarter","East Quarter Corn 2015","B","3464",89.76,3.931,1470.8,"10/12/2015 2:11:17 PM",20,18.81,20.08,20.28,198.73,198.73,NA,NA,312.283364503244,140.348299757293,24365.5,0.631018050915495,106.780936005588,"24","12",24
"3501",-96.87948744,43.45218986,"East Quarter","East Quarter Corn 2015","B","3465",90.22,3.931,1470.8,"10/12/2015 2:11:18 PM",20,18.84,19.82,20.02,196.07,196.07,NA,NA,313.690361275066,140.333887890311,23328,0.604148861782301,105.351673741336,"24","12",24
"3502",-96.87947263,43.45218961,"East Quarter","East Quarter Corn 2015","B","3466",90.23,3.964,1471,"10/12/2015 2:11:19 PM",20,19.34,17.31,17.59,169.83,169.83,NA,NA,315.108851554484,140.306172762347,13354,0.345842073912931,91.2524850894632,"24","12",24
"3503",-96.87945793,43.45218941,"East Quarter","East Quarter Corn 2015","B","3467",90.42,3.898,1471.1,"10/12/2015 2:11:20 PM",20,18.9,17.51,17.7,174.72,174.72,NA,NA,316.516806117925,140.284000660449,15047,0.389687410975578,93.8799634624684,"24","12",24
"3504",-96.87944345,43.45218972,"East Quarter","East Quarter Corn 2015","B","3468",91.24,3.865,1471.3,"10/12/2015 2:11:21 PM",20,18.9,19.26,19.47,193.76,193.76,NA,NA,317.903689253496,140.318367418903,22393,0.579934219045399,104.110472301327,"24","12",24
"3505",-96.87942902,43.4521895,"East Quarter","East Quarter Corn 2015","B","3469",90.66,3.832,1471.5,"10/12/2015 2:11:22 PM",20,18.9,18.67,18.87,189.44,189.44,NA,NA,319.285783426889,140.293978106579,20594,0.533343692538782,101.789264413519,"24","12",24
"3506",-96.87941429,43.4521894,"East Quarter","East Quarter Corn 2015","B","3470",90.79,3.931,1471.7,"10/12/2015 2:11:23 PM",20,18.9,20.37,20.59,201.53,201.53,NA,NA,320.696611367909,140.282892055236,25500.5,0.660412296376868,108.285422599538,"24","12",24
"3507",-96.87939953,43.4521894,"East Quarter","East Quarter Corn 2015","B","3471",90.86,3.931,1471.8,"10/12/2015 2:11:24 PM",20,18.84,20.03,20.24,198.22,198.22,NA,NA,322.110312685149,140.282892055236,24159,0.625670111102478,106.506904518833,"24","12",24
"3508",-96.87938464,43.45218942,"East Quarter","East Quarter Corn 2015","B","3472",90.72,3.964,1471.8,"10/12/2015 2:11:25 PM",20,18.2,19.69,19.73,193.17,193.17,NA,NA,323.536465301603,140.285109265662,22131,0.573148939476342,103.793455483316,"24","12",24
"3509",-96.87937021,43.45218918,"East Quarter","East Quarter Corn 2015","B","3473",91.68,3.832,1472,"10/12/2015 2:11:26 PM",20,18.7,21.6,21.78,219.19,219.19,NA,NA,324.918559474995,140.258502742124,31803,0.823634527231761,117.774434474236,"24","12",24
"3510",-96.87935565,43.4521887,"East Quarter","East Quarter Corn 2015","B","3474",91.61,3.865,1472.2,"10/12/2015 2:11:27 PM",20,18.05,20.82,20.83,209.54,209.54,NA,NA,326.313104948963,140.205289696623,28534,0.738973920700282,112.589328891516,"24","12",24
"3511",-96.87934111,43.45218898,"East Quarter","East Quarter Corn 2015","B","3475",90.53,3.865,1472.4,"10/12/2015 2:11:28 PM",20,18.31,21.2,21.27,213.29,213.29,NA,NA,327.705734836971,140.236330640226,29891.5,0.77413047419263,114.604266294127,"24","12",24
"3512",-96.87932656,43.45218898,"East Quarter","East Quarter Corn 2015","B","3476",90.33,3.898,1472.5,"10/12/2015 2:11:29 PM",20,18.41,19.66,19.75,196.14,196.14,NA,NA,329.099322517959,140.236330640226,23357,0.60489990417735,105.389285906185,"24","12",24
"3513",-96.87931169,43.45218886,"East Quarter","East Quarter Corn 2015","B","3477",90.38,3.964,1472.7,"10/12/2015 2:11:30 PM",20,18.41,22.14,22.24,217.22,217.22,NA,NA,330.523559549814,140.223027378456,31157.5,0.806917359438531,116.715920692064,"24","12",24
"3514",-96.87929692,43.45218877,"East Quarter","East Quarter Corn 2015","B","3478",90.35,3.931,1472.8,"10/12/2015 2:11:31 PM",20,18.41,23.47,23.59,232.27,232.27,NA,NA,331.938218658672,140.213049932326,35152.5,0.91037992385984,124.802536134544,"24","12",24
"3515",-96.87928219,43.45218891,"East Quarter","East Quarter Corn 2015","B","3479",90.09,3.931,1472.9,"10/12/2015 2:11:32 PM",20,18.41,20.18,20.28,199.71,199.71,NA,NA,333.349046599693,140.228570403734,24777,0.641675083521094,107.307506313471,"24","12",24
"3516",-96.87926743,43.45218874,"East Quarter","East Quarter Corn 2015","B","3480",89.93,3.931,1473,"10/12/2015 2:11:33 PM",20,18.6,18.8,18.94,186.03,186.03,NA,NA,334.762747916932,140.209724116687,19282.5,0.499378447673063,99.9570146687443,"24","12",24
"3517",-96.87925274,43.45218871,"East Quarter","East Quarter Corn 2015","B","3481",89.27,3.898,1473.2,"10/12/2015 2:11:34 PM",20,18.47,22.3,22.42,222.46,222.46,NA,NA,336.169744688755,140.206398301836,32735.5,0.847784424934607,119.531459889313,"24","12",24
"3518",-96.87923795,43.45218854,"East Quarter","East Quarter Corn 2015","B","3482",90.16,3.931,1473.3,"10/12/2015 2:11:35 PM",20,18.83,22.68,22.91,224.38,224.38,NA,NA,337.586319382212,140.187552014789,33286.5,0.862054230440525,120.56310783945,"24","12",24
"3519",-96.8792229,43.45218857,"East Quarter","East Quarter Corn 2015","B","3483",90.05,3.996,1473.3,"10/12/2015 2:11:36 PM",20,18.78,23.28,23.5,226.57,226.57,NA,NA,339.0277966741,140.19087782964,33840,0.876388780980499,121.739831282575,"24","12",24
"3520",-96.8792078,43.45218821,"East Quarter","East Quarter Corn 2015","B","3484",90.29,4.029,1473.4,"10/12/2015 2:11:37 PM",20,18.47,23.9,24.03,230.66,230.66,NA,NA,340.474062926805,140.150968045908,34820.5,0.901781783337218,123.937456343023,"24","12",24
"3521",-96.87919264,43.45218827,"East Quarter","East Quarter Corn 2015","B","3485",90.32,4.029,1473.4,"10/12/2015 2:11:38 PM",20,18.28,21.82,21.89,210.63,210.63,NA,NA,341.926075933308,140.157619676399,28942.5,0.749553259265014,113.175004029875,"24","12",24
"3522",-96.87917758,43.45218817,"East Quarter","East Quarter Corn 2015","B","3486",90.53,3.996,1473.4,"10/12/2015 2:11:39 PM",20,18.68,23.46,23.66,228.34,228.34,NA,NA,343.368511016815,140.146533625056,34281,0.887809804987957,122.690881736607,"24","12",24
"3523",-96.87916241,43.45218796,"East Quarter","East Quarter Corn 2015","B","3487",90.65,4.029,1473.5,"10/12/2015 2:11:40 PM",20,18.7,20.31,20.48,196.04,196.04,NA,NA,344.821481814938,140.123252917945,23316.5,0.603851034625644,105.335554242115,"24","12",24
"3524",-96.87914714,43.45218804,"East Quarter","East Quarter Corn 2015","B","3488",90.69,4.062,1473.6,"10/12/2015 2:11:41 PM",20,17.97,23.12,23.1,221.33,221.33,NA,NA,346.284030536057,140.132121758862,32406.5,0.839263978452853,118.924292085326,"24","12",24
"3525",-96.87913171,43.45218779,"East Quarter","East Quarter Corn 2015","B","3489",90.64,4.095,1473.6,"10/12/2015 2:11:42 PM",20,17.82,24.44,24.38,232.13,232.13,NA,NA,347.761903932609,140.104406630898,35118.5,0.90949939139668,124.727311804847,"24","12",24
"3526",-96.87911646,43.45218771,"East Quarter","East Quarter Corn 2015","B","3490",90.8,4.062,1473.6,"10/12/2015 2:11:43 PM",20,17.9,20.84,20.81,199.54,199.54,NA,NA,349.222537067768,140.095537789193,24711.5,0.63997876362883,107.216162484552,"24","12",24
"3527",-96.87910092,43.45218777,"East Quarter","East Quarter Corn 2015","B","3491",90.65,4.128,1473.7,"10/12/2015 2:11:44 PM",20,17.9,25.06,25.02,236.1,236.1,NA,NA,350.710946178936,140.102189420472,35833,0.928003522129853,126.860458868411,"24","12",24
"3528",-96.87908554,43.4521875,"East Quarter","East Quarter Corn 2015","B","3492",90.35,4.095,1473.7,"10/12/2015 2:11:45 PM",20,17.9,25.43,25.4,241.55,241.55,NA,NA,352.184030613309,140.072257082082,36636,0.948799627068604,129.788834560206,"24","12",24
"3529",-96.87907002,43.45218742,"East Quarter","East Quarter Corn 2015","B","3493",90.01,4.128,1473.7,"10/12/2015 2:11:46 PM",20,17.67,23,22.91,216.73,216.73,NA,NA,353.670524139878,140.063388241165,30999,0.802812524279388,116.452635538123,"24","12",24
"3530",-96.87905459,43.45218737,"East Quarter","East Quarter Corn 2015","B","3494",90.13,4.128,1473.7,"10/12/2015 2:11:47 PM",20,18.17,21.81,21.85,205.47,205.47,NA,NA,355.14839753643,140.0578452151,27057,0.700722554580064,110.402450163882,"24","12",24
"3531",-96.8790391,43.45218715,"East Quarter","East Quarter Corn 2015","B","3495",90.33,4.128,1473.8,"10/12/2015 2:11:48 PM",20,17.95,22.79,22.77,214.75,214.75,NA,NA,356.63201768542,140.033455902775,30358.5,0.786224846554269,115.388748589544,"24","12",24
"3532",-96.87902361,43.45218717,"East Quarter","East Quarter Corn 2015","B","3496",90.31,4.128,1473.8,"10/12/2015 2:11:49 PM",20,17.9,22.96,22.93,216.34,216.34,NA,NA,358.115637834409,140.035673113201,30865,0.799342190453992,116.243082048251,"24","12",24
"3533",-96.8790081,43.45218737,"East Quarter","East Quarter Corn 2015","B","3497",89.55,4.128,1473.8,"10/12/2015 2:11:50 PM",20,17.9,23.82,23.79,224.45,224.45,NA,NA,359.601173569359,140.0578452151,33313.5,0.862753476808329,120.600720004299,"24","12",24
"3534",-96.87899269,43.45218699,"East Quarter","East Quarter Corn 2015","B","3498",90.73,4.095,1473.8,"10/12/2015 2:11:51 PM",20,17.9,21.77,21.74,206.75,206.75,NA,NA,361.07713137995,140.015718220941,27558,0.713697459404864,111.090215463973,"24","12",24
"3535",-96.87897719,43.45218697,"East Quarter","East Quarter Corn 2015","B","3499",90.73,4.128,1473.9,"10/12/2015 2:11:52 PM",20,17.9,21.77,21.74,205.1,205.1,NA,NA,362.56170932192,140.013501010515,26906,0.696811954523088,110.203643006824,"24","12",24
"3536",-96.87896148,43.45218686,"East Quarter","East Quarter Corn 2015","B","3500",90.94,4.16,1473.9,"10/12/2015 2:11:53 PM",20,18.08,23.22,23.24,217.04,217.04,NA,NA,364.066400900141,140.001306353959,31107,0.805609509750602,116.619203696738,"24","12",24
"3537",-96.87894565,43.45218677,"East Quarter","East Quarter Corn 2015","B","3501",92.13,4.193,1473.8,"10/12/2015 2:11:54 PM",20,17.9,20.86,20.83,193.5,193.5,NA,NA,365.582585984596,139.991328907829,22275,0.576878253437961,103.970769974746,"24","12",24
"3538",-96.87893017,43.45218643,"East Quarter","East Quarter Corn 2015","B","3502",91.31,4.128,1473.8,"10/12/2015 2:11:55 PM",20,17.9,22.01,21.98,207.39,207.39,NA,NA,367.065248341966,139.953636333736,27779,0.719420920415404,111.434098114019,"24","12",24
"3539",-96.87891452,43.45218637,"East Quarter","East Quarter Corn 2015","B","3503",90.56,4.16,1473.8,"10/12/2015 2:11:56 PM",20,17.9,24.86,24.82,232.38,232.38,NA,NA,368.56419316775,139.946984703245,35183,0.911169813275322,124.861640965021,"24","12",24
"3540",-96.87889904,43.45218624,"East Quarter","East Quarter Corn 2015","B","3504",90.28,4.128,1473.7,"10/12/2015 2:11:57 PM",20,17.9,23.29,23.26,219.46,219.46,NA,NA,370.04685552512,139.93257283705,31883,0.82570636832155,117.919509967224,"24","12",24
"3541",-96.8788833,43.45218635,"East Quarter","East Quarter Corn 2015","B","3505",90.57,4.193,1473.7,"10/12/2015 2:11:58 PM",20,17.9,24.13,24.1,223.8,223.8,NA,NA,371.554420479559,139.944767492819,33123,0.85781990521327,120.251464187846,"24","12",24
"3542",-96.8788675,43.45218631,"East Quarter","East Quarter Corn 2015","B","3506",90.18,4.193,1473.6,"10/12/2015 2:11:59 PM",20,17.61,23.75,23.63,220.28,220.28,NA,NA,373.067732187796,139.940333072754,32135.5,0.832245616761194,118.360109612595,"24","12",24
"3543",-96.87885176,43.4521864,"East Quarter","East Quarter Corn 2015","B","3507",90.17,4.193,1473.6,"10/12/2015 2:12:00 PM",20,17.61,23.93,23.81,221.92,221.92,NA,NA,374.575297142235,139.950310518884,32566.5,0.84340766063243,119.241308903337,"24","12",24
"3544",-96.87883609,43.45218639,"East Quarter","East Quarter Corn 2015","B","3508",90.24,4.16,1473.5,"10/12/2015 2:12:01 PM",20,17.61,23.7,23.59,221.6,221.6,NA,NA,376.076157552618,139.949201913671,32478,0.841115686426851,119.069367578314,"24","12",24
"3545",-96.8788206,43.45218648,"East Quarter","East Quarter Corn 2015","B","3509",90.19,4.128,1473.5,"10/12/2015 2:12:02 PM",20,17.61,22.04,21.94,207.71,207.71,NA,NA,377.559777701607,139.959179359801,27899,0.722528682050087,111.606039439041,"24","12",24
"3546",-96.87880485,43.4521867,"East Quarter","East Quarter Corn 2015","B","3510",89.95,4.193,1473.4,"10/12/2015 2:12:03 PM",20,17.61,25.34,25.22,235.07,235.07,NA,NA,379.068300449026,139.983568672126,35648,0.923212389609717,126.307022728494,"24","12",24
"3547",-96.87878927,43.4521863,"East Quarter","East Quarter Corn 2015","B","3511",89.97,4.16,1473.4,"10/12/2015 2:12:04 PM",20,17.61,25.43,25.31,237.76,237.76,NA,NA,380.560540728032,139.939224467541,36089,0.934633413617176,127.752404491967,"24","12",24
"3548",-96.87877364,43.4521863,"East Quarter","East Quarter Corn 2015","B","3512",90.26,4.16,1473.3,"10/12/2015 2:12:05 PM",20,17.61,22.55,22.44,210.83,210.83,NA,NA,382.057569967855,139.939224467541,29018,0.751508559293502,113.282467358014,"24","12",24
"3549",-96.87875804,43.45218632,"East Quarter","East Quarter Corn 2015","B","3513",90.47,4.16,1473.3,"10/12/2015 2:12:06 PM",20,17.61,22.95,22.84,214.56,214.56,NA,NA,383.551725832821,139.941441677967,30292,0.784502628648383,115.286658427812,"24","12",24
"3550",-96.87874248,43.45218625,"East Quarter","East Quarter Corn 2015","B","3514",89.82,4.16,1473.2,"10/12/2015 2:12:07 PM",20,17.61,25.72,25.6,240.45,240.45,NA,NA,385.042050527228,139.933681441476,36483,0.944837230984384,129.19778625544,"24","12",24
"3551",-96.87872671,43.45218612,"East Quarter","East Quarter Corn 2015","B","3515",90.61,4.193,1473.1,"10/12/2015 2:12:08 PM",20,17.61,21.98,21.87,203.84,203.84,NA,NA,386.552488859246,139.919269575281,26380.5,0.68320254836454,109.526624039546,"24","12",24
"3552",-96.87871108,43.45218609,"East Quarter","East Quarter Corn 2015","B","3516",90.81,4.16,1473,"10/12/2015 2:12:09 PM",20,17.61,23.02,22.91,215.18,215.18,NA,NA,388.049518099069,139.915943759642,30490,0.789630435345609,115.619794745043,"24","12",24
"3553",-96.87869547,43.45218627,"East Quarter","East Quarter Corn 2015","B","3517",89.67,4.16,1473.1,"10/12/2015 2:12:10 PM",20,17.61,22.91,22.8,214.15,214.15,NA,NA,389.544631755655,139.935898651902,30163.5,0.78117473389791,115.066358605126,"24","12",24
"3554",-96.87867952,43.4521858,"East Quarter","East Quarter Corn 2015","B","3518",89.85,4.226,1473,"10/12/2015 2:12:11 PM",20,17.61,23.11,22.99,212.66,212.66,NA,NA,391.072310346345,139.883794211614,29698.5,0.769132157563515,114.265756810488,"24","12",24
"3555",-96.8786639,43.45218581,"East Quarter","East Quarter Corn 2015","B","3519",90.46,4.16,1472.9,"10/12/2015 2:12:12 PM",20,17.61,21.45,21.34,200.48,200.48,NA,NA,392.568381794549,139.884902816827,25091.5,0.649820008805325,107.721240126807,"24","12",24
"3556",-96.87864797,43.452186,"East Quarter","East Quarter Corn 2015","B","3520",90.1,4.226,1472.8,"10/12/2015 2:12:13 PM",20,17.61,18.41,18.32,169.43,169.43,NA,NA,394.094144802001,139.905966313512,13243.5,0.342980343407661,91.0375584331847,"24","12",24
"3557",-96.87863208,43.45218597,"East Quarter","East Quarter Corn 2015","B","3521",90.02,4.259,1472.7,"10/12/2015 2:12:14 PM",20,17.61,24.37,24.25,222.55,222.55,NA,NA,395.616076640254,139.902640498661,32757,0.848341232227488,119.579818386975,"24","12",24
"3558",-96.87861604,43.45218543,"East Quarter","East Quarter Corn 2015","B","3522",90.73,4.259,1472.5,"10/12/2015 2:12:15 PM",20,17.61,21.89,21.78,199.89,199.89,NA,NA,397.152375362322,139.842775821881,24841.5,0.643345505399736,107.404223308796,"24","12",24
"3559",-96.8786003,43.45218591,"East Quarter","East Quarter Corn 2015","B","3523",89.57,4.226,1472.4,"10/12/2015 2:12:16 PM",20,17.26,17.4,17.24,160.12,160.12,NA,NA,398.659940316761,139.895988867382,10550,0.273224043715847,86.0351405083015,"24","12",24
